,Pg_max_act,Pg_max,Pg_min,C_Pg
6,1147,1,0,23.532556
73,451,1,0,30.409326
76,1127,1,0,19.040386
99,366,1,0,19.686835
101,110,1,0,38.489977
108,1119,1,0,6.111723
114,308,1,0,22.934184
118,455,1,0,29.747826
121,700,1,0,20.377006
125,2526,1,0,7.373082
130,1593,1,0,15.234482
131,1130,1,0,11.354352
