,Pg_max_act,Pg_max,Pg_min,C_Pg
30,1040,1,0,6.724778
31,646,1,0,14.707625
32,725,1,0,24.804734
33,652,1,0,34.844643
34,508,1,0,24.652994
35,687,1,0,32.306483
36,580,1,0,18.157477
37,564,1,0,31.550181
38,865,1,0,22.503168
39,1100,1,0,27.434444
