,Pg_max_act,Pg_max,Pg_min,C_Pg
10,505,1,0,24.98342
12,85,1,0,124.581564
25,221,1,0,28.948321
26,485,1,0,22.22098
31,17,1,0,25.993982
46,20,1,0,24.202306
49,223,1,0,16.673942
54,53,1,0,27.277343
59,308,1,0,24.861868
61,195,1,0,16.056042
65,441,1,0,34.781778
66,784,1,0,32.668781
69,1182,1,0,25.758442
80,509,1,0,24.600772
87,10,1,0,34.072633
89,637,1,0,24.605102
100,653,1,0,12.61217
103,108,1,0,28.649471
111,79,1,0,35.043401
